<?xml version="1.0" encoding="UTF-8"?>
<!DOCTYPE mapper
  PUBLIC "-//mybatis.org//DTD Mapper 3.0//EN"
  "http://mybatis.org/dtd/mybatis-3-mapper.dtd">
  <mapper namespace="kr.co.twocamp.board">
  
	<!-- 글 추가 -->
  <insert id = "register" parameterType = "kr.co.twocamp.board.BoardBean">
  	insert into board (bno, title, content, id, regdate, readcnt, etc, del, rating)
  	values (#{bno}, #{title}, #{content}, #{id}, curdate(), 0,#{etc}, 0,#{rating})
  </insert>
 
  <!-- 전체조회 -->
	<select id="list" resultType="kr.co.twocamp.board.BoardBean">
		select *
		from board
		where del = 0
		order by bno desc
	</select>
	
	<!-- 상세조회 -->
	<select id="detail" parameterType ="java.lang.Integer" resultType = "kr.co.twocamp.board.BoardBean">
		select *
		from board
		where bno = #{bno}
	</select>
	
	<!-- 조회수 -->
	<update id="updateReadCnt" parameterType ="java.lang.Integer">
		update board
		set readcnt = readcnt +1
		where bno = #{bno}
	</update>
	
	<!-- 수정 -->
	<update id ="update" parameterType ="kr.co.twocamp.board.BoardBean">
		update board
		set
		title =#{title}, content =#{content}, regdate =now()
		where bno =#{bno}
	</update>
	
	<!-- 삭제 -->
	<update id="delete" parameterType="java.lang.Integer">
		update board
		set
		del = 1
		where bno = #{bno}
	</update>
	
	<!-- 댓글 리스트 -->
	<select id="replywrite" parameterType="java.lang.Integer" resultType ="kr.co.twocamp.board.BoardReply">
		select
		reno, rememo, rewriter, redate
		from board_reply
		where bno =#{bno}
	</select>
	
	<!-- 댓글 작성 -->
	<insert id="reply" parameterType = "kr.co.twocamp.board.BoardReply">
		insert into board_reply (rememo, rewriter,redate,bno)
		values (#{rememo}, #{rewriter}, now(), #{bno})
	</insert>
	
	 <!-- 해당 댓글 조회 SQL -->
     <select id="detailReply" parameterType="java.lang.Integer" resultType="kr.co.twocamp.board.BoardReply">
        select *
        from twocamp.board_reply
        where reno = #{reno}
     </select>
     
      <!-- 댓글수정 -->
     <update id="replyUpdate" parameterType="kr.co.twocamp.board.BoardReply">
        update board_reply
        set rememo = #{rememo}, redate = curdate()
        where reno = #{reno}
     </update>
     
     <!-- 댓글 삭제 -->
     <delete id="replyDelete" parameterType="java.lang.Integer">
        delete from twocamp.board_reply
        where reno = #{reno}
     </delete>
     
     <!-- 댓글 개수 카운트 -->
	<select id="replyCnt" parameterType="java.lang.Integer" resultType="java.lang.Integer">
		select count(*)
		from board_reply
		where bno =#{bno} 
	</select>
	

	<!-- 페이징처리 - 이전, 다음 -->
	<select id="listCriteria"  resultType="kr.co.twocamp.board.BoardBean">
		select *
		FROM board
		where bno>0
		order by bno desc
		limit #{pageStart}, #{perPageNum}
	</select>
	
	 <select id="countBoard" resultType ="java.lang.Integer">
	<![CDATA[
	select
		count(bno)
	from board
	where bno>0
	]]>
	</select>

	
  
  </mapper>