<?xml version="1.0" encoding="UTF-8"?>
<!DOCTYPE mapper
  PUBLIC "-//mybatis.org//DTD Mapper 3.0//EN"
  "http://mybatis.org/dtd/mybatis-3-mapper.dtd">
  <mapper namespace="Product">
  
  <!-- 상품 목록 보기 -->
  <select id="ProductList" resultType="kr.co.Product.ProductDTO">
  	select *
  	from product;
  </select>
  
  <!-- 상품 선택시 정보 -->
  <select id="ProductGetDetail" parameterType="java.lang.Integer" resultType="kr.co.Product.ProductDTO">
  	select *
  	from product
  	where pd_number = #{pd_number};
  </select>
  
  <!-- 상품 추가 -->
  <insert id="ProductRegister" parameterType="kr.co.Product.ProductDTO">
  	insert into 
  	product(pd_name,pd_price,pd_category,pd_memo,pd_detail,pd_company,pd_stock,
	pd_img)
	values(#{pd_name},#{pd_price},#{pd_category},#{pd_memo},#{pd_detail},
	#{pd_company},#{pd_stock},#{pd_img})
  </insert>
  
  <!-- 상품 수정 -->
  <update id="ProductUpdate" parameterType="kr.co.Product.ProductDTO">
  	update product
  	set pd_name = #{pd_name}, 
  	pd_price = #{pd_price},
  	pd_category = #{pd_category}, 
  	pd_memo = #{pd_memo},
  	pd_detail = #{pd_detail},
  	pd_company = #{pd_company},
  	pd_stock = #{pd_stock},
  	pd_img = #{pd_img}
  	where pd_number = #{pd_number};
  </update>
  
  <!-- 상품 삭제 -->
  <delete id="ProductDelete" parameterType="java.lang.Integer">
  	delete from product
  	where pd_number = #{pd_number};
  </delete>
  
  <!-- //////////////////장바구니//////////////////////////// -->
  <!-- 장바구니 추가 -->
  <insert id="CartInsert" parameterType="java.lang.Integer">
  	insert into
  	cart(mb_number,pd_number,cart_amount,cart_totalPrice,cart_del)
  	values( #{mb_number}, #{pd_number}, #{cart_amount}, #{cart_totalPrice},0)
  </insert>
  
  <!-- 회원번호로 장바구니 보기 -->
  <select id ="CartCheck" parameterType="java.lang.Integer" resultType="kr.co.Product.CartJoinDTO">
  	 select * from 
  	 product as p
  	 join cart as c
  	 on p.pd_number = c.pd_number and mb_number = #{mb_number};
  </select>
  
  <!-- 카트 del값 0으로 바꿔주기 -->
  <update id="CartDelZero" parameterType="java.lang.Integer">
     update cart
     set cart_del = 0
     where mb_number = #{mb_number} and cart_del = 1;
  </update>
  
  <!-- 회원번호로 장바구니 보기에서 cart_del이 1인 것만 출력하기 -->
  <select id ="OrderCartList" parameterType="java.lang.Integer" resultType="kr.co.Product.CartJoinDTO">
 	 select * from 
 	 product as p
 	 join cart as c
 	 on p.pd_number = c.pd_number and mb_number = #{mb_number}
 	 where cart_del = 1;
  </select>
  
  <!-- 카트 상세정보 가져오기 -->
  <select id="CartGetDetail" parameterType="java.lang.Integer" resultType="kr.co.Product.CartJoinDTO">
  	select *
  	from cart
  	where cart_number = #{cart_number};
  </select>
  
  <!-- 장바구니 삭제 -->
  <delete id="CartDelete" parameterType="java.lang.Integer">
     delete from cart
     where cart_number = #{cart_number};
  </delete>
  
  <!-- 오더페이지에 넘겨주기 위한 cart_del on,off 매퍼 -->
  <update id="CartDelOn" parameterType="java.lang.Integer">
  	update cart
  	set cart_del = 1
  	where cart_number = #{cart_number};
  </update>
  
  <!-- 오더페이지에 넘겨주기 위한 cart_del on,off 매퍼 -->
  <update id="CartDelOff" parameterType="java.lang.Integer">
  	update cart
  	set cart_del = 0
  	where cart_number = #{cart_number};
  </update>

  <!-- 후기게시판에서 별점 평균값을 Product DB의 pd_avgstar 컬럼으로 집어넣가 -->
  	<select id = "pdavgstar" parameterType="java.lang.Integer" resultType="java.lang.Double">
  	SELECT  ROUND(AVG(pd_star), 1)
	FROM board
	WHERE pd_number = #{pd_number};
  	</select>
  	
  	<!-- 바로구매로 인한 장바구니 추가 -->
  <insert id="BuyInsert" parameterType="java.lang.Integer">
     insert into
     cart(mb_number,pd_number,cart_amount,cart_totalPrice,cart_del)
     values( #{mb_number}, #{pd_number}, #{cart_amount}, #{cart_totalPrice},1)
  </insert>
</mapper>